{
    "env_name": "TwoStageOTA-custom",
    "x": [
        8.845714959127005e-12,
        1.2369948763080174e-06,
        1.4926196172382333e-06,
        1.0420857279314077e-06,
        1.8360482272328227e-06,
        1.6722905229471507e-06,
        2.1377203392874966e-13,
        12.23107624053955,
        14.511039733886719,
        16.08713722229004,
        0.00011905056453542784,
        1.6281990610877983e-05,
        0.00012089261144865304,
        0.00012362675624899566,
        4.708392225438729e-05,
        83700.5703125
    ],
    "FoM": 2.072516918182373,
    "output": [
        31063000.0,
        0.53929,
        8.6399e-07,
        148.59,
        89.172,
        88.866,
        1.3935,
        0.2016,
        0.0015168
    ]
}